Component,Feature,Technology,Status,Complexity
Video Processing,Upload video files,Flask file upload,✓ Implemented,Easy
Video Processing,Extract audio from video,MoviePy,✓ Implemented,Medium
Video Processing,Support multiple formats,MoviePy + FFmpeg,✓ Implemented,Easy
Video Processing,Handle large files (chunking),Custom logic,⚠ Planned,Hard
Transcription,Audio to text conversion,OpenAI Whisper API,✓ Implemented,Easy
Transcription,Timestamp generation,Whisper verbose JSON,✓ Implemented,Medium
Transcription,Multi-language support,Whisper language param,⚠ Optional,Easy
Transcription,Speaker diarization,Advanced Whisper,⚠ Advanced,Hard
Summarization,Generate text summary,GPT-4,✓ Implemented,Easy
Summarization,Extract key concepts,GPT-4 prompt,✓ Implemented,Easy
Summarization,Variable length summaries,Configurable prompts,✓ Implemented,Easy
Summarization,Chapter detection,LangChain,⚠ Advanced,Hard
Quiz Generation,Multiple choice questions,GPT-4 structured output,✓ Implemented,Medium
Quiz Generation,True/False questions,GPT-4 variants,✓ Implemented,Easy
Quiz Generation,Short answer questions,GPT-4 variants,✓ Implemented,Easy
Quiz Generation,Difficulty levels,Prompt engineering,✓ Implemented,Medium
Quiz Generation,Answer explanations,GPT-4 generation,✓ Implemented,Easy
Quiz Generation,Configurable count,API parameter,✓ Implemented,Easy
API Backend,RESTful endpoints,Flask routes,✓ Implemented,Easy
API Backend,Error handling,Try-catch blocks,✓ Implemented,Medium
API Backend,Request validation,Flask validation,✓ Implemented,Medium
API Backend,File size limits,Flask config,✓ Implemented,Easy
API Backend,Async processing,Threading/Celery,⚠ Optional,Hard
Frontend UI,Video uploader,Streamlit file_uploader,✓ Implemented,Easy
Frontend UI,Settings configuration,Streamlit sidebar,✓ Implemented,Easy
Frontend UI,Progress indicators,Streamlit spinner,✓ Implemented,Easy
Frontend UI,Tabbed results display,Streamlit tabs,✓ Implemented,Easy
Frontend UI,Interactive quiz,Streamlit radio buttons,✓ Implemented,Medium
Frontend UI,Score calculation,Python logic,✓ Implemented,Easy
Frontend UI,Download buttons,Streamlit download_button,✓ Implemented,Easy
Frontend UI,Video preview player,Streamlit video,⚠ Optional,Medium
Data Storage,Transcript files,Text files,✓ Implemented,Easy
Data Storage,Quiz JSON export,JSON files,✓ Implemented,Easy
Data Storage,Temporary file cleanup,OS operations,✓ Implemented,Easy
Data Storage,Database integration,SQLite/PostgreSQL,⚠ Advanced,Hard
Deployment,Docker containerization,Dockerfile,✓ Implemented,Medium
Deployment,Environment variables,.env file,✓ Implemented,Easy
Deployment,Cloud deployment,AWS/GCP/Azure,⚠ Optional,Hard
Deployment,CI/CD pipeline,GitHub Actions,⚠ Optional,Medium
